{"cameraMode":{"drawMode":0,"name":"Shaded","section":"Shading Mode"},"sceneLighting":true,"audioPlay":false,"sceneViewState":{"showFog":true,"showMaterialUpdate":false,"showSkybox":true,"showFlares":true,"showImageEffects":true,"showParticleSystems":true},"in2DMode":false,"pivot":{"x":22.076955795288087,"y":-4.4602508544921879,"z":-14.85989761352539},"rotation":{"x":0.04667206481099129,"y":0.8791388869285584,"z":-0.08748533576726914,"w":0.4663173258304596},"size":28.453289031982423,"orthographic":false}